num,title,cprob(),predicted category,actual category,links
50,Macaulay Culkin... woof!,0,animal,gif,http://www.reddit.com/r/funny/comments/1spqyw/macaulay_culkin_woof/
51,How would you not know?!,0,animal,media,http://www.reddit.com/r/funny/comments/1spqnt/how_would_you_not_know/
52,Does this make anyone else happy? [GRUMPY CAT],0,animal,meme,http://www.reddit.com/r/funny/comments/1sr2h2/does_this_make_anyone_else_happy_grumpy_cat/
53,They see me bowling,0,animal,gif,http://www.reddit.com/r/funny/comments/1spp1n/they_see_me_bowling/
54,Grammar Matters,0,original,edited,http://www.reddit.com/r/funny/comments/1sr0pv/grammar_matters/
55,We did it. We made the yahoo homepage again.,0,animal,media,http://www.reddit.com/r/funny/comments/1sptrg/we_did_it_we_made_the_yahoo_homepage_again/
56,Pretty much sums it up,0,animal,media,http://www.reddit.com/r/funny/comments/1srfje/pretty_much_sums_it_up/
57,Superb...!,0,animal,animal,http://www.reddit.com/r/funny/comments/1sprer/superb/
58,"30,000 Feet",0,original,edited,http://www.reddit.com/r/funny/comments/1spt5x/30000_feet/
59,This kid is going places,0,edited,original,http://www.reddit.com/r/funny/comments/1spymp/this_kid_is_going_places/
60,That guy with the iPhone cookies in his car seems to have gotten a ticket,0,original,original,http://www.reddit.com/r/funny/comments/1sq5t7/that_guy_with_the_iphone_cookies_in_his_car_seems/
61,A girl posted this to instagram titled 'Breakfast Bear'. I didn't have the heart to tell her who it resembled.,0,original,original,http://www.reddit.com/r/funny/comments/1sqfp6/a_girl_posted_this_to_instagram_titled_breakfast/
62,They sure are...,0,original,meme,http://www.reddit.com/r/funny/comments/1spoja/they_sure_are/
63,That awkward moment when you take fashion advice from the public trains,0,animal,original,http://www.reddit.com/r/funny/comments/1sq54w/that_awkward_moment_when_you_take_fashion_advice/
64,Death's list,0,original,edited,http://www.reddit.com/r/funny/comments/1sq75y/deaths_list/
65,Got this in the mail.,0,animal,meme,http://www.reddit.com/r/funny/comments/1sqpmv/got_this_in_the_mail/
66,Magic,0,original,meme,http://www.reddit.com/r/funny/comments/1sps3c/magic/
67,Can I get you anything?,0,animal,meme,http://www.reddit.com/r/funny/comments/1splsk/can_i_get_you_anything/
68,Seems legit,0,animal,original,http://www.reddit.com/r/funny/comments/1sq2vp/seems_legit/
69,lets talk about your future,0,animal,meme,http://www.reddit.com/r/funny/comments/1sq9p9/lets_talk_about_your_future/
70,Santacat and I,0,original,meme,http://www.reddit.com/r/funny/comments/1sqmyx/santacat_and_i/
71,What's the ONE thing you want more than anything?,0,meme,edited,http://www.reddit.com/r/funny/comments/1sqobe/whats_the_one_thing_you_want_more_than_anything/
72,"First day of school, 1984.",0,animal,original,http://www.reddit.com/r/funny/comments/1sphp5/first_day_of_school_1984/
73,fuuu,0,original,media,http://www.reddit.com/r/funny/comments/1sppdf/ãƒ­/
74,The Messiah's car,0,animal,edited,http://www.reddit.com/r/funny/comments/1spohb/the_messiahs_car/
75,"Hey girl, feel my sweater",0,media,meme,http://www.reddit.com/r/funny/comments/1spzdj/hey_girl_feel_my_sweater/
76,Nice Day For A Cruise,0,animal,original,http://www.reddit.com/r/funny/comments/1spp1e/nice_day_for_a_cruise/
77,Ooooh Snap!,0,animal,gif,http://www.reddit.com/r/funny/comments/1spj6m/ooooh_snap/
78,Classic Futurama,0,original,media,http://www.reddit.com/r/funny/comments/1sphwt/classic_futurama/
79,"Eric, what did I say about calling your sister the Devil?",0,original,media,http://www.reddit.com/r/funny/comments/1spr4i/eric_what_did_i_say_about_calling_your_sister_the/
80,New coworker has this on her desk. She know's what's up!,0,animal,original,http://www.reddit.com/r/funny/comments/1sq70h/new_coworker_has_this_on_her_desk_she_knows_whats/
81,And I will love it and squeeze it and hug it.,0,animal,original,http://www.reddit.com/r/funny/comments/1spvlg/and_i_will_love_it_and_squeeze_it_and_hug_it/
82,Why women make men productive [fixed],0,meme,meme,http://www.reddit.com/r/funny/comments/1sr2b1/why_women_make_men_productive_fixed/
83,This Geese Tsunami is a shit storm,0,original,gif,http://www.reddit.com/r/funny/comments/1sql6j/this_geese_tsunami_is_a_shit_storm/
84,"I was using a calculator app on my iPhone when I remembered the ""8008135"" Upside-Down thing people use to do in school. I tried it and this happened. Mind Blown",0,animal,edited,http://www.reddit.com/r/funny/comments/1sql3i/i_was_using_a_calculator_app_on_my_iphone_when_i/
85,Grumpy cat-doge,0,animal,edited,http://www.reddit.com/r/funny/comments/1sq6qt/grumpy_catdoge/
86,Can you cook?,0,animal,gif,http://www.reddit.com/r/funny/comments/1spt0a/can_you_cook/
87,Dog Sneeze,0,animal,animal,http://www.reddit.com/r/funny/comments/1spv0a/dog_sneeze/
88,Mad Cat!,0,original,animal,http://www.reddit.com/r/funny/comments/1sq8xf/mad_cat/
89,"Seriously, I can't be the only one seeing this.",0,animal,media,http://www.reddit.com/r/funny/comments/1sqndr/seriously_i_cant_be_the_only_one_seeing_this/
90,Every Lesbian Porno Ever,0,original,gif,http://www.reddit.com/r/funny/comments/1sqp43/every_lesbian_porno_ever/
91,When my friend went to the 22 concert in Nashville fans kept coming up to her thinking she was actually Taylor Swift,0,original,original,http://www.reddit.com/r/funny/comments/1spgp7/when_my_friend_went_to_the_22_concert_in/
92,Follow Up To The iPhone Cookies,0,original,original,http://www.reddit.com/r/funny/comments/1srgf6/follow_up_to_the_iphone_cookies/
93,I am not sure if she has read the back of the shirt,0,meme,original,http://www.reddit.com/r/funny/comments/1sra7q/i_am_not_sure_if_she_has_read_the_back_of_the/
94,This Just happened faith in humanity restored!!,0,original,original,http://www.reddit.com/r/funny/comments/1sq3re/this_just_happened_faith_in_humanity_restored/
95,I was quite photogenic as a child.,0,meme,original,http://www.reddit.com/r/funny/comments/1srd8w/i_was_quite_photogenic_as_a_child/
96,This preschool lets their kids wrestle.. just follow a few rules.,0,original,original,http://www.reddit.com/r/funny/comments/1sqk55/this_preschool_lets_their_kids_wrestle_just/
97,"I found these in my grandpa's house, can't really figure it out.",0,animal,original,http://www.reddit.com/r/funny/comments/1spjlf/i_found_these_in_my_grandpas_house_cant_really/
98,Apparently my math teacher's having women problems.,0,edited,real,http://www.reddit.com/r/funny/comments/1srall/apparently_my_math_teachers_having_women_problems/
99,Time to walk funny.,0,animal,monty_python,http://www.reddit.com/r/funny/comments/1sps3v/time_to_walk_funny/
100,Wall off to an early lead...,0,animal,original,http://www.reddit.com/r/funny/comments/1sq4po/wall_off_to_an_early_lead/